<?xml version="1.0" encoding="UTF-8"?>
<beans xmlns="http://www.springframework.org/schema/beans"
	xmlns:xsi="http://www.w3.org/2001/XMLSchema-instance"
	xmlns:context="http://www.springframework.org/schema/context"
	xsi:schemaLocation="http://www.springframework.org/schema/beans http://www.springframework.org/schema/beans/spring-beans-3.2.xsd
		http://www.springframework.org/schema/context http://www.springframework.org/schema/context/spring-context-3.2.xsd">


<!-- Setter for value injection -->
	<bean id="employee1" class="com.cg.bean.Employee">
	<property name="empId" value="100" />
	<property name="empName" value="Rama" />
	<property name="salary" value="12345.67" />
	</bean>

	<bean id="employee2" class="com.cg.bean.Employee">
	<property name="empId" value="200" />
	<property name="empName" value="Kalki" />
	<property name="salary" value="20000.00" />
	</bean>

</beans>
