<?xml version="1.0" encoding="UTF-8"?>
<beans xmlns="http://www.springframework.org/schema/beans"
	xmlns:xsi="http://www.w3.org/2001/XMLSchema-instance"
	xsi:schemaLocation="http://www.springframework.org/schema/beans http://www.springframework.org/schema/beans/spring-beans-4.3.xsd">

	<bean id="employee" class="com.cg.lab1.bean.Employee">
	<constructor-arg value= "1"/>
	<constructor-arg value= "Akash"/>
	<constructor-arg value= "100000"/>
	<constructor-arg value= "23"/>
	
	<constructor-arg ref="sbu"/>
		
	</bean>
	
	<bean id="sbu" class="com.cg.lab1.bean.SBU">
	<constructor-arg value= "10"/>
	<constructor-arg value= "XYZ"/>
	<constructor-arg value= "Sudarshan"/>
		
	</bean>

</beans>
